SK_ID_CURR,acc
126367,0.64894664
329260,0.7150489
223304,0.6946218
276609,0.8246952
158144,0.8589823
387036,0.57165015
347172,0.77801144
108291,0.6429988
249404,0.7749038
188247,0.7231896
285823,0.5610019
322482,0.5755947
411765,0.7543308
250520,0.6429988
207249,0.75513613
345911,0.68177855
441877,0.7643614
277596,0.8123369
279246,0.7983854
242671,0.6429988
225551,0.6571735
400617,0.58647114
160836,0.49924767
294975,0.8321313
147644,0.55239004
260472,0.61452204
440050,0.7366905
347296,0.56130695
147316,0.60850817
341272,0.6414809
143066,0.7220667
153984,0.6558734
305055,0.78745186
414035,0.66126555
407734,0.6837615
159713,0.6092859
355482,0.54381096
308915,0.7405036
446968,0.6450708
432295,0.68481326
106773,0.6003654
328241,0.76493216
351727,0.6145563
314422,0.49924767
188124,0.657606
416495,0.81124544
158739,0.70605093
451633,0.68665826
354706,0.78533566
362407,0.78120023
269798,0.6450708
363071,0.8518877
165334,0.66758335
146282,0.62627363
440576,0.6284315
138500,0.80789405
359906,0.69300765
395795,0.6129708
423525,0.66576254
282781,0.6615392
350798,0.7656568
104792,0.62368804
210707,0.7576153
195155,0.7800038
206841,0.6284315
296282,0.6731209
191026,0.7807016
277367,0.6079227
329984,0.58738494
157534,0.67261285
159772,0.80015427
200640,0.7583008
446993,0.6414809
301479,0.83348316
353113,0.80015427
247705,0.6571439
353065,0.677081
332801,0.8141583
111743,0.63422775
226012,0.6576349
350226,0.67258525
380384,0.6015971
426061,0.66126555
178185,0.76992005
344901,0.5935565
129723,0.80789405
239163,0.6429988
299492,0.75895524
270017,0.843773
426025,0.6725614
433770,0.656265
204472,0.66126555
351664,0.77025616
339091,0.6429988
242205,0.5475643
296958,0.6094222
238402,0.64097786
116013,0.6284315
368912,0.67300797
186803,0.7708889
346979,0.6586008
443191,0.78527486
311836,0.6284315
213367,0.6079227
383391,0.5895826
308586,0.56374574
341449,0.7998492
352674,0.6195061
436716,0.53739464
284424,0.6880715
384384,0.6558734
452178,0.76192987
353383,0.57337415
296735,0.84718716
426500,0.5746432
153361,0.6571735
359593,0.7781949
206034,0.66660297
421588,0.6625806
404018,0.6450708
360591,0.63124204
138445,0.7983854
182229,0.6219062
266892,0.77025616
179489,0.6077926
280895,0.777992
385454,0.68177855
352515,0.6015971
124932,0.8865695
189797,0.6126411
308689,0.81131494
100030,0.60850817
231575,0.6880715
144449,0.7091616
419127,0.8304258
149466,0.80126745
104788,0.5364452
193606,0.6615392
419416,0.7331687
332669,0.71637297
332490,0.68177855
121408,0.64097786
120082,0.61853015
216781,0.77042687
285145,0.64084727
247976,0.74868894
391753,0.58647114
424717,0.613925
171143,0.7710201
209473,0.5670508
224492,0.6320705
398995,0.6639246
374350,0.6450708
245810,0.7405486
246828,0.6813053
398942,0.55239004
157557,0.68177855
276070,0.62990606
138077,0.65336096
229372,0.68177855
326429,0.60234153
240493,0.6195061
218437,0.6327441
150893,0.8027242
174255,0.6150981
450471,0.7874613
451021,0.6450708
179480,0.5987863
323713,0.78742075
154289,0.6020572
120822,0.5459837
449621,0.5565648
149099,0.6228679
233050,0.6625806
311504,0.6716099
381044,0.6429988
400034,0.5459837
161042,0.666798
237056,0.6249123
190587,0.8518877
206654,0.6429988
242657,0.6190164
384138,0.6450708
268511,0.66660297
367170,0.66126555
105123,0.6003654
365521,0.6435635
359728,0.6284315
241485,0.62707484
206937,0.5714489
102478,0.6429988
310086,0.56666136
388434,0.5547483
111635,0.61663556
396143,0.66331315
152124,0.7741071
349756,0.6366303
100824,0.7646089
125903,0.6450708
355365,0.76060456
454587,0.6796858
163366,0.58553714
134731,0.8518877
322691,0.7781949
246595,0.5670508
253048,0.55239004
438319,0.78025955
121120,0.6027599
350073,0.7964269
119885,0.6837615
219680,0.78532076
293543,0.82568705
329464,0.6854913
401943,0.843773
164342,0.75513613
294337,0.6240386
298985,0.63910997
142352,0.6450708
344218,0.7708889
168053,0.6284315
294666,0.777992
224331,0.6703794
197336,0.66660297
235865,0.7707967
410983,0.6389172
311971,0.5328927
368626,0.60234153
379246,0.6195061
433590,0.843773
183377,0.60799444
426316,0.5904429
181044,0.722294
222118,0.7586182
235308,0.5639422
139341,0.6635096
329924,0.6090461
446687,0.6615392
363483,0.621953
223174,0.77025616
271921,0.7685633
429868,0.6198809
214425,0.62990606
402440,0.5712838
223111,0.6327441
371036,0.5242682
197271,0.61004007
250231,0.6015971
114235,0.6635096
322431,0.7446063
272342,0.7954649
420912,0.6327441
353412,0.6284315
262751,0.64097786
154157,0.6457764
242118,0.6625806
196707,0.5692681
125778,0.660316
404707,0.7658013
356067,0.6625806
352475,0.74563146
122729,0.59090364
446584,0.6267782
356991,0.6625806
284974,0.6027599
253303,0.8518877
316387,0.6414809
293041,0.6443151
395282,0.7586182
120944,0.6435635
379223,0.61914945
272373,0.6015971
277146,0.6015971
162959,0.6611531
393006,0.771255
265663,0.78505164
438785,0.52469873
312928,0.58647114
315139,0.8518877
245002,0.69820404
237871,0.5775269
175738,0.6429988
197989,0.64995515
326042,0.6107162
168896,0.5755947
307062,0.6429988
254553,0.6100024
222522,0.59917843
337061,0.6429988
344308,0.64995515
340716,0.6287172
436603,0.67008054
134323,0.6450708
223059,0.67689604
422831,0.5192521
203840,0.7767661
292512,0.79949534
281041,0.6435635
259521,0.7880687
148455,0.59792316
200237,0.6834228
114534,0.6876503
345631,0.6195061
418093,0.6094125
284443,0.663075
418700,0.6450708
237098,0.75294966
114333,0.631194
162920,0.6636683
145901,0.61853015
337044,0.65894485
246876,0.6400822
361146,0.6625806
304402,0.75513613
343697,0.56482446
445506,0.64809906
263998,0.7426119
418183,0.77801144
323536,0.6320705
111020,0.5861361
224059,0.68177855
436240,0.5939682
258473,0.6625806
152981,0.7863569
448479,0.74868894
298739,0.67008054
208369,0.5878413
129951,0.6284315
144457,0.5818529
144220,0.68517256
278182,0.6316817
197712,0.6056495
179864,0.6576349
103127,0.6460059
317430,0.61853015
166157,0.72342086
430281,0.7880687
441268,0.5857372
103616,0.63816446
164558,0.8305634
142524,0.8321313
312978,0.6896262
214617,0.59248054
268686,0.7741937
398770,0.7807016
377009,0.6837615
391882,0.66102064
308149,0.6509208
303126,0.77987576
425753,0.63724375
382284,0.6558734
170181,0.59657276
376016,0.6440038
317341,0.656613
449522,0.7144587
242252,0.76063967
306776,0.8304258
121352,0.7107873
262265,0.6248864
280147,0.6824014
173252,0.53626174
319144,0.62368804
441551,0.6412518
455894,0.589347
313120,0.6744069
277517,0.55811197
107539,0.52375966
349485,0.6150981
309492,0.7086027
368903,0.6414809
418883,0.6440038
183879,0.54948306
231003,0.6880715
112132,0.8321313
229875,0.68219495
362409,0.8518877
352286,0.6435635
370967,0.6234525
109790,0.6562947
208783,0.6027599
167246,0.6151242
378915,0.8321313
191242,0.61663556
415887,0.58531404
296959,0.62418675
241500,0.5861397
207746,0.61260515
313350,0.8123369
281083,0.6558734
417981,0.6837615
370476,0.7064127
319855,0.68177855
257726,0.7937075
370168,0.6946218
438895,0.8518877
418022,0.6440038
340791,0.75870967
110599,0.79366064
101583,0.6195061
177516,0.6247456
336458,0.7405486
310587,0.66102064
369418,0.7024839
255216,0.8785768
286965,0.8589823
268605,0.8466594
105096,0.8123369
311557,0.6625806
169632,0.7455997
216889,0.7889666
330382,0.8159217
380450,0.6015971
185680,0.6228679
307107,0.6975883
225715,0.81117135
330000,0.621953
252704,0.6615392
173936,0.6429988
241167,0.630558
335929,0.61520296
286384,0.5459837
377582,0.495826
297102,0.6680168
217727,0.5923443
199437,0.734251
244433,0.6450708
104552,0.72967184
163485,0.7231896
382304,0.7911676
404565,0.6625806
186498,0.6837615
303323,0.6327441
221399,0.8321274
221117,0.77206707
185541,0.6661409
158341,0.7724472
421939,0.6880715
398805,0.7724472
263372,0.6886075
109135,0.6429988
276196,0.6457764
238530,0.6450708
307894,0.5972687
372715,0.6450708
283082,0.61315846
176505,0.5547483
282392,0.5459837
375162,0.6195061
349531,0.79155594
319188,0.6416116
364935,0.6123209
253972,0.788659
351219,0.6435635
301301,0.843773
278262,0.74110943
353402,0.5586449
255677,0.6234983
209613,0.66052663
244188,0.6284315
100346,0.631194
257766,0.73051697
390813,0.62854946
356465,0.5986327
379143,0.78893256
433812,0.6450708
264624,0.5939682
215707,0.6551337
357337,0.84994495
384059,0.586018
339177,0.57337415
200005,0.8375527
148684,0.64743906
186783,0.6150981
180312,0.6320705
193967,0.5610019
366865,0.6195061
101344,0.5674081
262755,0.5364452
269266,0.6129708
370372,0.6435635
225674,0.6450708
440949,0.5214606
123338,0.7735021
218736,0.7798357
380349,0.6094125
384086,0.68517256
342642,0.6028966
183578,0.7146574
311420,0.53592145
220366,0.75157356
266836,0.69502896
188023,0.6190164
148778,0.64526516
119656,0.6615392
274956,0.80126745
232060,0.7092183
102796,0.6837615
192653,0.79963803
349388,0.6416116
238565,0.6558734
141252,0.5969858
270689,0.6625806
261867,0.6158987
404950,0.6414521
443055,0.6548221
236329,0.62916875
455012,0.75458825
275136,0.6051253
166217,0.5986327
368421,0.6414809
310829,0.5459837
185117,0.61853015
167088,0.677081
173275,0.68177855
206615,0.5742588
421423,0.6714468
421547,0.6090461
358010,0.6377318
433460,0.75083876
406124,0.71932757
108090,0.6295946
451540,0.6345856
212994,0.7911676
372593,0.62916875
270426,0.8359085
364491,0.55865717
452343,0.5831748
449532,0.547925
445997,0.65215325
262346,0.75513613
189450,0.656073
168812,0.60850817
405763,0.819041
396084,0.59792316
274637,0.6571735
258806,0.7736434
192697,0.7377493
195822,0.67998606
175091,0.6544769
352267,0.734578
376415,0.587118
100991,0.6100024
453693,0.8304258
352950,0.78871006
385714,0.7863569
249925,0.60148704
420222,0.6450708
367146,0.79004884
424467,0.6150981
202223,0.7316616
408178,0.63816446
351100,0.5925779
256068,0.61641777
231386,0.6195061
119699,0.61663556
311055,0.6703398
410537,0.60980445
219510,0.6450708
217679,0.5755947
278020,0.6100024
159465,0.60730505
373199,0.819041
339067,0.73695785
291510,0.89623505
375626,0.57098687
175648,0.7326858
271041,0.57337415
427625,0.58647114
194641,0.81124544
410315,0.6680168
349450,0.8518877
211774,0.6440038
144512,0.68177855
243763,0.7863569
228660,0.666798
280189,0.6946218
122567,0.72938365
352138,0.621953
250727,0.60534275
310346,0.666798
400286,0.8784752
403116,0.6584125
269988,0.6178133
298650,0.6004774
264437,0.6195061
423824,0.7257508
370517,0.6435635
186011,0.64995515
209400,0.6429988
269043,0.8664321
243605,0.7044285
218045,0.6284315
287800,0.6946218
166445,0.6548221
347237,0.6090461
131742,0.7698429
138702,0.7863569
398679,0.6435635
366630,0.6435635
234260,0.68177855
350472,0.6345856
170439,0.8868994
168455,0.6450708
235675,0.5374299
183122,0.65074044
437385,0.57910633
396116,0.6151242
398647,0.60856223
175356,0.8215252
129991,0.6993018
396269,0.656613
224604,0.7458383
205314,0.55796397
108313,0.7265047
332160,0.5905136
268322,0.54917854
148015,0.6195463
349742,0.6429988
444349,0.6320705
160409,0.6015971
205767,0.6558734
218440,0.83536494
386690,0.6185634
421804,0.87439203
260072,0.61641777
239364,0.7863569
138196,0.7665921
405787,0.6234525
448063,0.6429988
122211,0.5610678
294399,0.5875838
166094,0.6427101
240726,0.7950749
209799,0.6669097
375313,0.8305634
311897,0.6429988
399676,0.6320705
451790,0.6527984
117651,0.7656568
363133,0.61853015
311412,0.61610705
419429,0.74853563
322329,0.5312286
366563,0.6195061
366990,0.6576349
195575,0.780057
302347,0.6435635
102492,0.7089555
122672,0.6703398
300836,0.8359085
193963,0.6837615
152737,0.6548221
371425,0.6031121
215761,0.69249976
113790,0.54017377
158225,0.6714468
222417,0.57337415
316317,0.73207974
280075,0.66115505
257229,0.7880687
282228,0.6509208
390541,0.6284315
396584,0.6100024
422516,0.6294656
320458,0.67115587
331069,0.5482112
131832,0.60238266
122127,0.7570703
157850,0.6615392
140877,0.674719
440794,0.6615392
258956,0.6618654
407424,0.6206771
400328,0.6580346
155814,0.5775269
125525,0.6429988
120152,0.6306919
329881,0.6625806
257503,0.62772906
447303,0.7880687
387634,0.77042687
355556,0.6429988
387222,0.6998682
114952,0.6435635
364746,0.6435635
143621,0.62774277
129667,0.6625806
213661,0.79366064
113623,0.7708889
131532,0.6429988
348709,0.5939682
394032,0.5347153
446787,0.6625806
411246,0.6907052
297758,0.5913645
136045,0.6198809
265967,0.7760275
440524,0.6173686
452954,0.60978377
171829,0.6312551
177973,0.6429988
269617,0.64995515
265350,0.8518877
399599,0.57116294
170351,0.6168188
447608,0.60850817
182297,0.6625806
131902,0.72497976
200163,0.7251034
241875,0.67164856
212724,0.68177855
188452,0.6879069
114718,0.6684426
159370,0.7710201
418346,0.6195061
439058,0.6345856
211145,0.69301254
187229,0.72132576
331035,0.6450708
113647,0.6090461
316734,0.6013422
444829,0.5862651
416965,0.63265395
341259,0.7600388
394844,0.56903934
153137,0.843773
154239,0.7938733
324659,0.62752676
247626,0.6946218
181866,0.6625806
163102,0.6372504
309273,0.5349026
434141,0.47471434
274238,0.7231896
148700,0.5976937
192608,0.6714468
356197,0.6946218
401357,0.6795033
101587,0.5712838
187252,0.6450708
174657,0.6946218
250448,0.6195061
157384,0.6284315
183641,0.843773
243496,0.7710201
408373,0.5601076
227753,0.8706752
194888,0.7221542
232243,0.62619305
351307,0.6435635
140055,0.75294966
193280,0.6160592
412940,0.66126555
231846,0.6429988
115986,0.68859774
378186,0.7660182
282698,0.6450708
343382,0.62990606
349451,0.73658955
280341,0.7993692
391917,0.6772702
102860,0.6234525
236438,0.6234525
200513,0.7489358
228937,0.63265395
333193,0.67300797
224949,0.7651669
262517,0.74649966
291219,0.6015971
157464,0.6625806
263592,0.66331315
375344,0.6435635
408725,0.67261285
219178,0.68177855
317852,0.8321313
212038,0.5666686
240905,0.53645813
383923,0.6435635
355921,0.6598003
315320,0.7749038
347980,0.6450708
382909,0.6079227
160395,0.6090461
301757,0.6667693
321231,0.7999141
277558,0.4642368
189380,0.75513613
254909,0.6892121
262016,0.60234153
174524,0.6198809
261684,0.60799444
413437,0.7745782
215393,0.7798357
445430,0.7911676
270921,0.70303303
220034,0.677081
264262,0.7009177
214368,0.6429988
115753,0.63704646
321793,0.59891784
345806,0.61853015
279453,0.6295946
133924,0.72497976
444142,0.67115587
352113,0.8518877
320863,0.6284315
305325,0.64852464
342673,0.71477723
105132,0.6416116
362964,0.6922313
395851,0.72602725
280807,0.6625806
242641,0.6090461
243214,0.77042687
315116,0.62814283
227521,0.74649966
116996,0.77801144
382077,0.6429988
347613,0.5874386
407258,0.64097786
106417,0.63124204
443378,0.6037665
321811,0.67300797
428935,0.79963803
227421,0.6625806
377583,0.6345856
318967,0.62627363
116504,0.67258525
176079,0.5609313
158480,0.61853015
127684,0.5712838
408220,0.62774277
148886,0.6429988
127252,0.7920015
313380,0.6625806
303174,0.6631016
274234,0.6015971
143416,0.7489358
450333,0.75294966
450472,0.72497976
318144,0.6376232
354687,0.6558734
138287,0.5976465
129724,0.70269704
220450,0.8321313
423320,0.8518877
225796,0.8518877
325362,0.6429988
414542,0.5743568
233042,0.631194
345307,0.72983253
185375,0.6672069
261334,0.57337415
321794,0.60856223
442108,0.6003654
351551,0.7405486
283453,0.58018386
275637,0.6015971
341345,0.75173885
190043,0.7405036
441786,0.592879
191077,0.66126555
426530,0.6429988
363682,0.6366303
290393,0.6453515
449521,0.6450708
310704,0.6625806
429004,0.82696784
108651,0.68710965
247922,0.70899725
355254,0.6020572
391694,0.8407427
245958,0.6284315
309794,0.5633652
301773,0.6262324
350313,0.6625806
223327,0.7377052
436760,0.59674656
364053,0.6429988
331292,0.6490159
275495,0.7660182
153956,0.6503308
257733,0.6295946
361898,0.6339435
132666,0.6185634
388507,0.6012353
141039,0.7698429
226087,0.6150981
247276,0.67008054
404074,0.6615392
362931,0.6952297
391405,0.59674656
325608,0.5772023
440859,0.714679
315393,0.6435635
285732,0.7708889
100178,0.6615392
239737,0.78690785
363718,0.6107162
275658,0.7146574
449337,0.6699177
411444,0.78745186
446132,0.6812989
189566,0.72232354
109139,0.6272923
338782,0.6450708
439715,0.62553823
413112,0.69786155
353947,0.666798
150895,0.64084727
193897,0.6450708
454169,0.6796783
187713,0.6429988
188573,0.6165929
220499,0.5890526
258043,0.66353047
319235,0.81047606
267793,0.6576349
381066,0.5907246
202638,0.6249123
216372,0.8518877
282290,0.57979107
365890,0.72221965
245145,0.6178133
265558,0.8696199
351032,0.6294656
365310,0.71913254
438881,0.6625806
455301,0.6015971
233872,0.6725614
232753,0.71779406
342318,0.73749936
199139,0.66576254
346895,0.64848435
438269,0.76589614
231941,0.6244362
265698,0.6576349
340804,0.6834692
132875,0.64782333
153275,0.6625806
383907,0.5003812
187139,0.6435635
433236,0.7301507
441279,0.68823653
112554,0.5565999
140056,0.7938172
215436,0.8518877
177868,0.6771654
387093,0.61306894
282826,0.8518877
201974,0.8788968
429505,0.5459837
247114,0.6450708
274170,0.5482112
347843,0.65894485
407119,0.6450708
191332,0.7609984
212704,0.76540166
216253,0.6714468
103427,0.75294966
361968,0.6004774
269779,0.60186887
372949,0.8664321
298313,0.7698429
339415,0.6435635
173081,0.6510133
294571,0.6639246
346531,0.5925779
126550,0.56903934
309660,0.61663556
136988,0.6450708
450623,0.6429988
385554,0.6429988
309458,0.6696477
453561,0.6576349
126788,0.66115505
146618,0.7138641
206321,0.66331315
391988,0.55796397
421112,0.6450708
325208,0.694105
226947,0.6249123
126740,0.6696391
350359,0.6429988
416824,0.6396544
414569,0.70605093
328450,0.5748943
231751,0.6625806
203365,0.64743906
209184,0.65894485
224704,0.534798
314081,0.689891
333955,0.76122224
315865,0.68112814
258263,0.6510133
451269,0.6396409
319663,0.6946218
204075,0.6195061
167684,0.77025664
235497,0.6429988
115875,0.7813908
297661,0.61137104
423265,0.6576349
209623,0.461325
342090,0.63661176
343738,0.7384435
437620,0.5712838
270846,0.7262857
207235,0.5861361
441353,0.79963803
391612,0.76355785
158132,0.7894565
121495,0.6429988
204722,0.722294
357510,0.58803433
292570,0.5670508
370532,0.6249123
143295,0.8518877
329091,0.5607768
160426,0.8518877
173897,0.6795168
452329,0.6530913
150891,0.8007395
119985,0.7446053
371386,0.843773
127233,0.6625806
329622,0.6834692
344809,0.6090461
358016,0.8304258
318709,0.6435635
188457,0.6320705
383653,0.6447618
404056,0.6083372
237265,0.63816446
325107,0.775197
136219,0.69301254
426636,0.57098687
113136,0.6004774
326172,0.79963803
268672,0.8826337
378886,0.6599135
306417,0.6558734
320333,0.62854946
388663,0.6631016
256880,0.6497874
336401,0.76449054
426756,0.8404457
334819,0.66126555
209203,0.6625806
354862,0.6161728
351066,0.6234525
412147,0.68219495
226355,0.60850817
264051,0.6027599
214825,0.74868894
177941,0.6509208
326759,0.76431865
104322,0.70064235
332220,0.5693945
201649,0.6510133
253266,0.6234525
157399,0.6429988
246904,0.6725614
416724,0.64857346
120094,0.6374903
373957,0.59419936
269057,0.6520115
128762,0.6714468
258993,0.6429988
368911,0.6306801
121163,0.66758335
446041,0.61143047
287719,0.6907052
237750,0.8589823
392827,0.79045254
233612,0.5755947
167347,0.7863569
205057,0.6450708
296487,0.59661233
249193,0.8518877
210643,0.7596618
308331,0.5469897
391173,0.8664321
129607,0.7809614
373553,0.6429988
259329,0.6558734
231153,0.6283013
351706,0.5758467
382698,0.87394476
261631,0.6429988
453629,0.5813365
373100,0.6625806
261149,0.57910633
164630,0.771255
173601,0.6320705
280834,0.5693945
374184,0.59248054
434077,0.6067569
401658,0.6631016
241496,0.6028966
306586,0.6429988
212168,0.5904429
365443,0.7502432
127663,0.6876503
187669,0.8518877
156930,0.80464065
321310,0.66269785
120634,0.6714468
258042,0.8321313
110644,0.68177855
382735,0.7197476
148766,0.67689604
183248,0.6015971
141769,0.68627346
138244,0.5932887
181103,0.8827697
389123,0.68627346
223303,0.76355785
122229,0.8664321
145453,0.7377052
242488,0.7750557
148755,0.6981329
269934,0.6758711
233245,0.6330644
286230,0.6631016
317961,0.5670508
238864,0.78785497
102529,0.7954649
174230,0.7251784
237811,0.6396544
345623,0.6429988
307566,0.66660297
386213,0.70064235
242686,0.6558734
444072,0.6919824
166789,0.6790285
380903,0.7351068
447096,0.6015971
336424,0.71802676
128091,0.8294277
341388,0.7943874
456197,0.7965881
420057,0.7998492
109559,0.6195061
376249,0.6090461
316629,0.68112826
107588,0.58200264
394730,0.60799444
374448,0.630965
370818,0.6440038
317951,0.66533506
236551,0.6536147
243955,0.66269785
268758,0.7634927
229503,0.64084727
253780,0.8321313
277437,0.76589614
109308,0.8095392
323587,0.83601713
162467,0.6435635
309740,0.6400379
325059,0.6306919
313860,0.75895524
314502,0.621953
428555,0.6439228
160213,0.65798056
272042,0.7983369
281119,0.6295946
380118,0.819041
384988,0.6195061
396487,0.6371006
134025,0.5819962
249611,0.68859774
103939,0.8304258
138108,0.6414809
442848,0.6247456
231344,0.6345856
137679,0.8069247
341017,0.7518242
153213,0.74767864
290665,0.7542745
437737,0.857508
365095,0.6946218
402113,0.67258525
159493,0.68177855
362329,0.5801493
116809,0.6228679
155657,0.7911676
406413,0.7406627
286845,0.5216558
387397,0.7993692
369401,0.6625806
216446,0.67926013
145501,0.6234983
327510,0.7597853
447321,0.6435635
110159,0.6740211
299220,0.9000915
291889,0.6447618
127550,0.8518877
136100,0.6772702
357231,0.656265
105823,0.5904429
280655,0.7800038
167728,0.6502428
363641,0.6453515
260004,0.68013096
128635,0.72872114
392453,0.70194346
332903,0.6450708
228188,0.621953
207012,0.66126555
204274,0.843773
278201,0.5686188
279460,0.8518877
452713,0.5612649
362358,0.8518877
386031,0.61641777
416559,0.60625845
403193,0.62707484
173174,0.6020572
332447,0.7207743
275221,0.65077543
139261,0.6625806
454603,0.6195061
141254,0.67770135
252413,0.61360747
352696,0.66126555
222785,0.6625806
305119,0.6958852
243318,0.7074369
177739,0.5617524
179666,0.66126555
351416,0.7381153
276688,0.7360991
207464,0.5459837
306786,0.63265395
421422,0.6429988
244155,0.5282124
282076,0.76355785
147504,0.843773
276657,0.5612649
282917,0.6429988
183768,0.8518877
120170,0.6558734
122480,0.8321313
259328,0.6450708
335869,0.6450708
334489,0.6028966
430158,0.6435635
283101,0.6625806
333359,0.6249123
114788,0.63488793
442800,0.7487324
300913,0.6472792
103845,0.6571439
240026,0.80707806
429542,0.5383738
288912,0.7405486
439925,0.66600424
441840,0.6145563
295449,0.6558734
392830,0.67258525
103850,0.7326858
351915,0.6450708
101077,0.7044285
185259,0.58462614
371172,0.7983854
269119,0.58200264
266651,0.67770135
280049,0.7707967
427360,0.6407452
301388,0.75640076
395421,0.78871006
444638,0.75895524
200529,0.6946218
252588,0.75640076
443054,0.6622754
257308,0.65894485
287801,0.62368804
350335,0.6315353
144960,0.66269785
149032,0.6570958
282365,0.64852464
120251,0.78527486
105613,0.64084727
434530,0.60730505
393660,0.7807016
408414,0.75665635
287063,0.60799444
313784,0.7427589
266622,0.6571735
387695,0.8321313
122666,0.68332136
387523,0.6444237
231172,0.7488091
337023,0.76481974
365670,0.66126555
115361,0.7707967
171721,0.6065233
100297,0.61004007
206294,0.6414809
142666,0.6562128
100962,0.6527984
226424,0.6090461
233912,0.6765276
415229,0.6440038
430490,0.5935186
326864,0.6494953
172657,0.5975566
146763,0.6131505
306780,0.57910633
237965,0.58462465
378745,0.6284315
341233,0.7812895
309283,0.77507865
378968,0.6234983
377699,0.6394465
440261,0.6195061
111559,0.64084727
227647,0.77801144
381331,0.7323863
298018,0.63816446
325763,0.6090461
140867,0.66331315
269084,0.62400377
412887,0.6330644
398874,0.6625806
370617,0.6435635
138394,0.7047924
406834,0.61641777
360111,0.7718723
337184,0.6998682
183493,0.6015971
173729,0.70064235
314683,0.7338266
390201,0.6429988
308432,0.66329384
329240,0.6615392
277867,0.58200264
209857,0.5935565
188020,0.5033876
244320,0.6890166
348053,0.7581053
387189,0.6472792
265573,0.6416116
111138,0.5756331
132048,0.60288894
305671,0.6366303
385800,0.6510133
428852,0.8518877
362137,0.7464026
330753,0.6450708
350678,0.64747137
374806,0.76105946
291077,0.80777884
450082,0.81124544
206183,0.7300855
419295,0.6615392
173069,0.7565602
168475,0.6576349
108156,0.6396409
148827,0.7999804
132657,0.7812895
265026,0.6004774
180314,0.6844193
308506,0.6772702
218383,0.63404876
433141,0.6571735
135402,0.6429988
421662,0.7231896
215243,0.6284315
323178,0.73123336
294235,0.6151732
235392,0.6219062
251916,0.61761045
348043,0.84149384
176877,0.69300765
285829,0.6187773
106342,0.6015971
401704,0.6714468
266183,0.6160592
261891,0.6880715
237897,0.59674656
455635,0.7231896
264772,0.61651015
238581,0.7572361
222997,0.6477684
257948,0.8870316
375668,0.630965
256168,0.8632223
239654,0.6771472
428468,0.6195061
115774,0.6440038
390217,0.6585827
120453,0.8910724
205992,0.788756
242409,0.7656568
194896,0.7742698
374668,0.6320705
355189,0.6243285
425717,0.7688115
388677,0.6574333
423266,0.61853015
232321,0.6429988
112249,0.7487372
312312,0.6148511
258836,0.67891157
212500,0.5670508
401295,0.66126555
191422,0.563998
310108,0.59792316
219919,0.6946218
271656,0.88314486
352536,0.6195061
267785,0.62823224
408994,0.6790285
206915,0.8654581
144571,0.6615392
386091,0.76493216
194185,0.5923443
175394,0.771255
302544,0.631194
153542,0.6262324
316960,0.68177855
256945,0.76917464
133392,0.66902804
119477,0.650322
205969,0.64097786
302745,0.6509208
380646,0.77801144
187441,0.52213645
437585,0.6234983
319616,0.62772906
157406,0.6429988
271513,0.75445294
120556,0.6195061
128530,0.6435635
199590,0.67258525
199555,0.68627346
150821,0.78871006
389241,0.8518877
148544,0.621953
310576,0.5818529
295235,0.5662894
244861,0.609549
385178,0.55854416
312102,0.8518877
183737,0.73078597
223129,0.5975566
382419,0.62707484
356755,0.6450708
420835,0.58018386
172132,0.7231896
112645,0.787816
252313,0.6247456
140404,0.63955283
227267,0.843773
358090,0.8003182
109889,0.6525394
437019,0.6625806
106869,0.60850817
456039,0.64097786
169661,0.6195061
205781,0.6100024
364077,0.66576254
231815,0.8215252
350880,0.6198809
106212,0.60850817
341944,0.67689604
177920,0.6244362
336603,0.5482112
147983,0.6320705
187542,0.55239004
201586,0.6284315
374005,0.6440038
337176,0.76449054
330504,0.66269785
303768,0.6599135
196119,0.6625806
389489,0.5617655
369317,0.6703681
330780,0.51998496
368511,0.6219062
233036,0.63523096
194700,0.6625806
173824,0.6625806
381568,0.6435635
408961,0.68177855
109398,0.6015971
348788,0.7091372
133320,0.67689604
119306,0.6429988
296359,0.6772702
431696,0.6111822
414696,0.76897246
145238,0.61904037
407638,0.6779538
237357,0.74649966
357536,0.6539736
250832,0.79963803
439053,0.499776
434763,0.6429988
398455,0.6429988
446205,0.6407452
177761,0.6949781
300982,0.5670047
397640,0.6258367
362045,0.62021244
205029,0.49924767
232167,0.76992005
160353,0.8321313
128977,0.63265395
361928,0.64097786
398864,0.61628366
261218,0.6450708
228584,0.726002
343892,0.66677064
238899,0.5939682
454078,0.57410806
223465,0.6625806
200665,0.68219495
356128,0.68481326
272994,0.6615392
350549,0.8518877
335052,0.6414809
303946,0.6234525
104912,0.59713864
103731,0.51159513
153357,0.6259644
338606,0.68181527
301412,0.6258367
134509,0.7870857
405461,0.6615392
320207,0.74188876
357071,0.68517256
313728,0.64097786
397007,0.843773
367714,0.5702257
257438,0.666798
156381,0.6450708
350198,0.6520115
398965,0.61651206
153804,0.61853015
124016,0.5939682
299513,0.8304258
447145,0.6782502
343387,0.8518877
269471,0.6450708
229968,0.8045881
349585,0.6234525
130721,0.61853015
452779,0.7251784
399190,0.7732792
161900,0.6625806
144272,0.6198809
229227,0.6414809
223193,0.7301323
182277,0.61853015
188671,0.6450708
154302,0.60272264
438313,0.5845611
206460,0.84718716
149788,0.6516167
282335,0.60625845
210682,0.6429988
409405,0.78498274
311129,0.8305634
330510,0.586018
309787,0.62854946
295792,0.5595092
315975,0.75513613
173124,0.6558734
170895,0.8518877
114485,0.68177855
244856,0.7983369
168256,0.843773
384259,0.6344187
242355,0.6366303
442207,0.63713026
433861,0.612079
176028,0.6576349
229954,0.6327441
251887,0.8518877
247126,0.7937075
351794,0.64084727
201640,0.61641777
262676,0.7863569
189245,0.7231896
182096,0.8149865
234379,0.6130055
398376,0.64084727
417004,0.75503266
128029,0.6600917
432219,0.4823919
170844,0.6320705
422876,0.6625806
166847,0.6037665
442556,0.7660182
267297,0.75458825
361970,0.73078597
114093,0.5407268
297473,0.61663556
116463,0.63812065
137089,0.6624646
431043,0.6234983
271872,0.80707806
135761,0.70156276
114153,0.843773
216132,0.68177855
371058,0.61641777
397940,0.6440038
258737,0.6429988
139579,0.6450708
136240,0.60730505
374185,0.6546644
331856,0.61663556
193598,0.6625806
107942,0.62168527
164651,0.8072833
109853,0.7326858
377252,0.6272726
417377,0.66666687
186266,0.70064235
340103,0.6541691
118174,0.7634927
259543,0.7197476
429582,0.63661176
211356,0.7710201
380061,0.568303
421967,0.73658955
233570,0.8321313
415734,0.6452067
225409,0.73285735
387850,0.78317046
407079,0.87335426
363023,0.6518108
120529,0.6429988
257081,0.87408155
280974,0.6947048
269236,0.7894565
184306,0.68177855
117708,0.78505164
114982,0.57337415
153862,0.75513613
386006,0.6234983
363597,0.77801144
149271,0.67115587
451900,0.8654581
408272,0.6544769
446459,0.8105427
433123,0.6580346
306410,0.66758335
120715,0.59917843
344335,0.6625806
102994,0.87296295
341491,0.6015971
414367,0.6195061
205450,0.8443563
103796,0.68517256
140570,0.7870857
130311,0.64084727
177278,0.6066
398948,0.60781455
159766,0.6374903
125859,0.8321313
202346,0.7106364
446489,0.6344253
120357,0.8518877
146236,0.5569217
105940,0.5860014
373358,0.75895524
325503,0.6625806
166924,0.789109
377665,0.5575807
115074,0.66533506
209193,0.689891
334999,0.6195061
294002,0.6320705
210940,0.6639246
389640,0.6015971
291880,0.5686188
188664,0.6059941
263190,0.5858978
135483,0.63924944
342630,0.62774277
350341,0.534798
195394,0.6625806
309804,0.78742075
268469,0.7288356
146084,0.5985234
408495,0.6195061
256970,0.85124713
126075,0.69962883
207463,0.6429988
115231,0.7172581
396261,0.6497768
429578,0.5459837
328212,0.5595092
172199,0.6319175
266454,0.6161728
153608,0.8305634
170963,0.64097786
425949,0.6008303
366383,0.6450708
412231,0.6450708
126475,0.58647114
223836,0.6429988
109860,0.8518877
239397,0.67258525
268303,0.6544769
223920,0.55854416
191074,0.6558734
365593,0.62490106
168253,0.6429988
124398,0.54691696
225729,0.6320705
273340,0.6570958
263325,0.6544769
324548,0.69249976
308764,0.6510133
268518,0.6439228
245789,0.664098
155985,0.7316616
390705,0.6195061
436803,0.5551061
224175,0.52443457
431663,0.6369602
428088,0.6145563
232180,0.7489358
389809,0.6090461
142211,0.6284315
158106,0.7577365
301997,0.58647114
368180,0.6911695
417083,0.664098
154588,0.6396544
193139,0.6092859
294428,0.68177855
266945,0.6450708
106070,0.7567926
186521,0.6510133
288392,0.64097786
273937,0.6145563
117504,0.6997257
350163,0.67108977
144650,0.60850817
417660,0.7807016
318082,0.64097786
403784,0.68517256
371125,0.7567926
412420,0.61853015
232681,0.5670508
295412,0.75458825
128616,0.70054454
250552,0.68859774
115060,0.6824894
194615,0.58160686
432196,0.77366614
196870,0.58416945
255475,0.6625806
182284,0.6244362
203307,0.67926013
149331,0.65894485
376260,0.76129425
129549,0.6234525
264018,0.6192187
205227,0.81944174
428298,0.6414809
429128,0.68177855
437416,0.6558734
233845,0.8069874
154445,0.6429988
424888,0.6157445
138114,0.8664321
158240,0.6284315
117954,0.6429988
385202,0.63910997
382844,0.6013422
281550,0.6450708
401215,0.6615392
307149,0.6132029
231098,0.666798
176254,0.5818529
426464,0.5033876
312459,0.62985533
305622,0.57165015
191894,0.630558
247430,0.6346821
287244,0.6090461
146653,0.8304258
436888,0.7489358
453064,0.6625806
359924,0.8305634
195761,0.56666136
221579,0.7938969
319642,0.7057883
397000,0.6558734
420159,0.6414809
311845,0.5242682
267542,0.7057431
392907,0.72967184
361744,0.6284315
153696,0.7800038
104433,0.6090461
354906,0.6272923
295097,0.5969858
156346,0.609549
102578,0.6429988
231489,0.6015971
425742,0.7099936
245818,0.55796397
281193,0.631194
425785,0.7749038
141484,0.62990606
407522,0.6320705
223323,0.7735021
307180,0.61663556
129760,0.59753764
383657,0.75895524
409900,0.7656568
140388,0.7640146
175592,0.6619009
374466,0.60215545
119116,0.6396544
415679,0.6837615
338952,0.5712838
375938,0.6089809
132229,0.6195061
195507,0.6407452
370679,0.5459837
160765,0.6837615
177171,0.6107162
184069,0.61663556
201794,0.79963803
288738,0.66600424
319581,0.6450708
247824,0.67926013
141351,0.78025955
414842,0.6020572
339572,0.6790285
444702,0.6435635
131102,0.63826025
386533,0.68177855
300094,0.6772702
348263,0.7366799
301683,0.7133148
313705,0.6262324
267995,0.61641777
328123,0.82911736
135301,0.843773
181192,0.68177855
131999,0.6192187
142657,0.621953
327279,0.75244164
322183,0.6262324
212414,0.7141287
428323,0.8518877
326769,0.6695068
342117,0.8134247
165675,0.630558
168173,0.798742
101530,0.74416906
149353,0.631194
292761,0.6414809
202747,0.6090461
193021,0.8518877
432055,0.80789405
159350,0.73977304
313814,0.7707967
186790,0.621953
183343,0.506498
188208,0.656613
161313,0.7044285
393529,0.78474164
166496,0.59658575
423340,0.60625845
201542,0.67926013
153423,0.60850817
140644,0.6261816
104600,0.6880715
113120,0.7565602
148556,0.6228679
250964,0.8518877
282743,0.6834228
108627,0.8321313
201010,0.75154257
117035,0.6429988
426043,0.6443497
253653,0.5504806
319670,0.6510133
206142,0.6261816
144241,0.7656568
355715,0.6837615
399252,0.8518877
366462,0.68540406
285371,0.7873645
213176,0.56969273
189151,0.6958946
451953,0.62368804
294369,0.6576349
306224,0.6330644
187823,0.6234983
102407,0.6306919
109814,0.74899673
260115,0.68517256
254224,0.621953
318262,0.6809076
362184,0.7219383
354292,0.60234153
337249,0.68177855
373393,0.666798
210882,0.60625845
290457,0.6330644
430180,0.6450708
303143,0.6284315
192496,0.58462465
215878,0.5869368
322079,0.6509208
179323,0.6195061
401999,0.6414809
166163,0.6126411
371374,0.80464065
305236,0.66331315
104383,0.78527486
139132,0.6837615
252461,0.6624646
394396,0.7035949
369431,0.72497976
299409,0.64084727
292523,0.7799835
282091,0.5824318
158997,0.6429988
387821,0.74274826
151607,0.6450708
332346,0.6450708
283663,0.6027599
148177,0.5547483
356850,0.79963803
267527,0.6234525
301832,0.6327441
428840,0.5631753
313543,0.64768755
145978,0.6450708
201748,0.62772906
185830,0.8217423
288302,0.7427589
380909,0.6576349
290749,0.5826991
286499,0.88314486
261562,0.771255
369230,0.6129708
434596,0.6234525
451557,0.5831264
106567,0.6077926
195544,0.6320705
340869,0.6558734
132889,0.7455232
196556,0.72849596
392166,0.6435635
174442,0.6240386
357203,0.621953
423926,0.6521771
177754,0.7863569
393342,0.76287234
324605,0.67561936
215895,0.6946218
190499,0.78742075
228197,0.6457082
185943,0.68517256
171861,0.6059941
392072,0.68219495
330941,0.59724426
341955,0.843773
362886,0.64674824
360965,0.5459837
224933,0.6625806
160670,0.6435635
140926,0.6247456
185947,0.5670508
180367,0.82515705
416756,0.70064235
157657,0.71308184
423964,0.55595756
358358,0.7437668
400899,0.60856223
142696,0.7950556
290764,0.7147858
152495,0.56853807
322015,0.6509208
360709,0.8022164
276804,0.82314587
155040,0.5948524
162190,0.6195061
205504,0.5939682
290570,0.60856223
335078,0.5919869
150239,0.5068059
416527,0.6576349
210828,0.58647114
382553,0.77981746
103187,0.6339435
429727,0.650322
293223,0.6771091
312680,0.6416116
207745,0.6435635
268266,0.6366303
347560,0.6450708
255607,0.60534275
294928,0.53844345
320932,0.7660182
214439,0.60799444
404465,0.6435635
116574,0.76355785
280128,0.65448046
448048,0.6429988
406908,0.79963803
249079,0.6911695
388846,0.6544769
204122,0.76127577
312531,0.60288894
177898,0.631194
124846,0.54353744
399303,0.6414809
155200,0.60850817
109109,0.7387465
269804,0.66576254
303150,0.61853015
430004,0.60625845
152992,0.61007154
185758,0.669461
300757,0.6272359
159927,0.77206707
253271,0.6576349
134117,0.6429988
107712,0.6195061
157911,0.5844293
119390,0.6429988
152748,0.7954649
129057,0.6089809
107178,0.6092859
340632,0.62854946
254839,0.7573874
416807,0.62627363
418118,0.5856161
357872,0.7489358
168508,0.7405486
135875,0.64097786
214827,0.5374299
332726,0.68219495
156039,0.7890835
347610,0.7285365
438421,0.68517256
116572,0.8518877
162992,0.6195061
354047,0.6201141
310827,0.62854946
347911,0.5610019
240643,0.6824894
442019,0.6075729
346602,0.6510133
110041,0.6243285
157666,0.5943649
402885,0.6284315
366859,0.67770135
215284,0.6262324
281131,0.6576349
168769,0.76493216
196766,0.59306407
349928,0.8443563
137814,0.6625806
199191,0.77042687
309977,0.843773
310284,0.8321313
411725,0.5482112
367826,0.61853015
100493,0.6541691
110778,0.62990606
272229,0.5150179
326275,0.6027599
212010,0.7791681
273369,0.6056495
372195,0.710347
160901,0.5639422
338698,0.6150981
449692,0.61853015
357615,0.6880715
124652,0.68517256
172667,0.6429988
145796,0.587118
356097,0.72497976
231868,0.69962883
285968,0.6435635
291835,0.6672096
257559,0.6414809
378829,0.73665214
399487,0.6310426
422663,0.7318884
389351,0.6027599
231371,0.6327305
404045,0.6429988
208429,0.66126555
404214,0.6414809
194336,0.7231896
365833,0.73354876
443160,0.59674656
217222,0.68665826
263779,0.6295946
179283,0.66688836
244757,0.666798
291125,0.8518877
179828,0.6345856
178123,0.5875938
110941,0.8664321
365573,0.6320705
420414,0.5459837
224062,0.7489358
411908,0.7981176
207336,0.60856223
435254,0.6122929
254745,0.5459837
440565,0.6195061
146045,0.666798
202997,0.74718034
153911,0.68177855
209917,0.6414809
405146,0.68177855
213436,0.6100024
238726,0.7259566
203520,0.66175306
202022,0.6396544
378584,0.6178133
206234,0.75513613
134245,0.70064235
312341,0.76060456
440966,0.69225943
360432,0.60137796
173921,0.680776
425907,0.6284315
336457,0.75458825
328425,0.48804677
259399,0.6615392
173605,0.6150981
115785,0.6437714
207007,0.5390119
102290,0.6624646
399943,0.77517784
224443,0.6251591
432106,0.65336096
230690,0.5504806
181865,0.5986327
294540,0.53265953
391558,0.6725614
432197,0.6785291
224252,0.6429988
250344,0.60385066
408346,0.656265
137387,0.59306115
154695,0.64457345
117419,0.6580346
309856,0.5686188
180469,0.6187773
351417,0.77025616
130781,0.6198809
374085,0.8507877
421375,0.6195061
179065,0.5945114
175067,0.7390988
140767,0.79963803
250584,0.6435635
333347,0.6396544
411555,0.75294966
330422,0.70186424
441462,0.7231896
351849,0.6243285
233956,0.6618654
343709,0.6598406
262082,0.6444256
406850,0.59599096
359968,0.79233706
345668,0.7383262
332944,0.6100024
145155,0.60810995
206746,0.7656568
435334,0.8733432
323415,0.73152167
402991,0.5992476
447935,0.63422775
105762,0.78785497
407396,0.65889984
227288,0.6195061
289544,0.6259644
390676,0.5280169
227780,0.6293438
231097,0.62627363
254429,0.6952297
225292,0.57772017
437765,0.7024839
389571,0.64995515
262954,0.76449054
364859,0.6558734
353668,0.5712838
104935,0.66666687
160540,0.68177855
334144,0.5755947
442394,0.6429988
183420,0.6195061
230247,0.89231706
260650,0.6429988
313920,0.6345856
147717,0.6327441
263174,0.6639246
101696,0.6530913
247498,0.74416906
295895,0.6015971
448200,0.6414809
324203,0.6122929
182074,0.66329384
153079,0.77129185
209256,0.6284315
136548,0.6201141
278790,0.6528853
327931,0.77987576
174077,0.70452285
130410,0.6414809
278061,0.647076
435710,0.5459837
182960,0.70269704
417006,0.6510133
303745,0.6234983
329516,0.78025955
342989,0.752144
400538,0.67285913
442966,0.843773
288657,0.6429988
272770,0.553416
221469,0.61548
346068,0.6576349
379534,0.61074626
361458,0.79963803
223156,0.6020572
377837,0.62607265
146789,0.7863569
315760,0.7465763
299326,0.6429988
115150,0.6429988
233925,0.6558734
375502,0.6625806
229656,0.67363745
400079,0.8518877
300586,0.65448046
170480,0.6837615
342074,0.8518877
371341,0.6429988
195717,0.7370131
222944,0.59510505
371224,0.6316817
350723,0.64097786
444308,0.6396544
249046,0.66533506
220252,0.68177855
298290,0.79366064
348136,0.76455367
414758,0.7781373
251800,0.5912273
175469,0.70229566
162114,0.6195061
453174,0.633411
266152,0.6258367
133362,0.7997587
313832,0.64097786
312096,0.5714489
335251,0.6625806
300607,0.58627504
265308,0.843773
277359,0.8321313
252062,0.61339015
220879,0.63370365
376664,0.68219495
413486,0.5948524
312125,0.6327441
284435,0.6330644
325696,0.65894485
124426,0.57337415
432135,0.6809154
315534,0.6015971
259170,0.7983854
453812,0.6834228
120360,0.68177855
330454,0.67008054
321053,0.67271066
336136,0.55796397
216017,0.6600917
442639,0.631194
128729,0.6306801
442090,0.6195061
207720,0.72837067
145803,0.61306894
275881,0.6965927
320754,0.79366064
434464,0.59098595
403947,0.6258367
137021,0.5955204
335534,0.6429988
361748,0.61663556
424449,0.75895524
427251,0.8305634
189121,0.680637
360326,0.6625806
197477,0.666798
376899,0.68177855
281384,0.81124544
130047,0.7196761
172498,0.6201141
435951,0.78498274
151077,0.75204706
278146,0.7885019
138357,0.6772702
169689,0.6907052
441270,0.7965881
101642,0.6450708
432945,0.68177855
242691,0.63124204
142221,0.6763089
280336,0.8123369
294286,0.6396544
269734,0.66767013
307544,0.8305634
414075,0.8694117
357267,0.7560046
224839,0.62985533
143655,0.6435635
368406,0.6837615
399772,0.6631016
137527,0.62990606
213160,0.62854946
198423,0.728533
143722,0.6907052
204311,0.777192
298643,0.6442695
198968,0.61361825
291961,0.6744069
376966,0.78508276
320928,0.7945708
454450,0.5504806
245441,0.7643614
450037,0.62894607
420846,0.630965
347802,0.6450708
300341,0.78120023
189155,0.7656568
327229,0.74868894
162518,0.55669713
232046,0.6443151
311188,0.7319037
200021,0.6219062
213355,0.5670508
328024,0.68177855
101221,0.6437714
114564,0.7698429
181274,0.60730505
239240,0.66331315
280461,0.6435635
314262,0.8089498
196586,0.64717585
367946,0.7837629
234833,0.6195061
426664,0.61427975
402008,0.6355529
386120,0.5987227
433090,0.62990606
455294,0.6636683
428259,0.6090461
322694,0.74981403
108496,0.62772906
278523,0.79366064
401264,0.80707806
391972,0.6192187
355288,0.63802946
162076,0.6414809
281741,0.6284315
321155,0.60799444
126854,0.7231896
432268,0.6785004
225369,0.6148511
238998,0.5293827
430630,0.6558734
286416,0.6148511
255389,0.6978306
182875,0.70064235
387211,0.75513613
181303,0.6414809
156876,0.621953
351554,0.7567672
423864,0.6548221
104194,0.8518877
135099,0.67258525
131365,0.7863569
276415,0.79963803
172600,0.61853015
189864,0.6329447
289114,0.5975566
430539,0.5875938
428725,0.62418675
297408,0.64809906
143269,0.79366064
286228,0.6429988
397343,0.5912758
278273,0.5788287
176849,0.67258525
299800,0.7093906
375552,0.6234525
296704,0.7698429
286231,0.6450708
276959,0.8518877
376013,0.77129185
149179,0.66902804
261639,0.77801144
114215,0.6234983
193293,0.6625806
291719,0.6669037
382435,0.6576349
197374,0.8270755
318093,0.6615392
259993,0.5942974
155259,0.6201141
314804,0.679808
391954,0.53645813
429255,0.69891423
362946,0.6244362
386119,0.6725614
352280,0.72985923
348486,0.7565602
443615,0.68177855
247055,0.7405486
448547,0.6680168
151054,0.77440405
142967,0.7643411
276890,0.6429988
367510,0.66660297
274087,0.5931424
135751,0.6450708
206911,0.64848435
439783,0.591987
281623,0.61853015
208514,0.6090461
381779,0.8443563
154644,0.7503065
408086,0.6195061
201118,0.7475647
423186,0.8321313
345786,0.6429988
393850,0.7035949
243507,0.6414809
324208,0.83988273
406202,0.7993692
157737,0.6429988
266363,0.72497976
134533,0.6111635
437116,0.8321313
289561,0.6015971
293534,0.7511189
454336,0.67258525
122529,0.7159374
208157,0.6576349
311798,0.68177855
398987,0.85232484
244267,0.65497565
366636,0.81047606
224650,0.8518877
241373,0.680776
113378,0.59373903
225962,0.6295946
233940,0.60625845
157928,0.6396544
181647,0.61007154
348321,0.6580346
376423,0.6600917
346833,0.72053456
154276,0.7930429
217536,0.8518877
201865,0.49680263
306451,0.7658013
358769,0.5755947
337401,0.62990606
305935,0.77201897
283471,0.6248243
298996,0.8304258
344910,0.592879
418180,0.6180886
291102,0.6880715
127994,0.66126555
338026,0.79963803
125466,0.63765717
135536,0.7698429
318568,0.6429988
374609,0.6625806
428273,0.6165929
334721,0.6429988
256522,0.6284315
436743,0.79366064
438263,0.5925779
137421,0.58937544
264300,0.7930429
253471,0.6876503
284425,0.621953
410238,0.68177855
193661,0.69502896
169026,0.6067569
120098,0.75248295
302461,0.6284315
159687,0.61853015
285011,0.5670508
130829,0.7863569
116685,0.6625806
347731,0.6901419
124219,0.7387465
416758,0.6092859
172375,0.6548221
195561,0.6201141
223267,0.6450708
444237,0.7689172
449333,0.6235796
191426,0.67604697
136338,0.61306894
386490,0.67258525
186896,0.6625806
164069,0.6318351
420540,0.666798
352538,0.5086044
207191,0.63523096
133254,0.6429988
326153,0.6284315
298072,0.72769845
272017,0.5977133
179862,0.73526007
395209,0.72967184
237300,0.59132516
248259,0.72029066
454681,0.6100024
211401,0.6396409
254958,0.6195061
360133,0.79180616
283141,0.62048906
205081,0.6625806
229089,0.5905726
258269,0.60288894
171499,0.6615392
448752,0.6965927
330349,0.6294656
287533,0.6435635
392481,0.6625806
240298,0.7242303
374112,0.6571735
417600,0.72613734
316406,0.60288894
394114,0.5669701
220133,0.7468382
364345,0.7805973
311717,0.50865436
176160,0.64598143
126866,0.71825445
326326,0.66660297
206858,0.7750557
212357,0.80701905
363200,0.6240386
150962,0.631194
303810,0.7600388
124701,0.667361
365363,0.7044285
436034,0.65894485
218632,0.85232484
450928,0.6429988
214924,0.6558734
302017,0.68177855
352728,0.73428655
434810,0.68773365
453518,0.74809086
416843,0.80789405
242218,0.8518877
195624,0.6145563
229546,0.6195061
343940,0.5686188
176927,0.7656568
231155,0.44841605
161495,0.6284315
224818,0.80777884
338665,0.79963803
113969,0.6195463
108539,0.5459837
285609,0.6028966
159981,0.79963803
374012,0.6234525
419774,0.4877081
297379,0.7351068
309590,0.6625806
247274,0.6429988
356722,0.7660182
361035,0.5459837
307222,0.63987035
394246,0.6675591
382608,0.60889435
168973,0.59364843
331309,0.61853015
418629,0.814852
292825,0.5459837
120103,0.6834692
138176,0.77206707
443636,0.6435635
217530,0.64338475
361860,0.7045937
401127,0.8321313
128476,0.6107162
299728,0.56839854
453028,0.6946218
235282,0.6345856
337357,0.5955204
138121,0.61853015
252871,0.7326858
220738,0.71741235
104347,0.67689604
404246,0.59781706
148017,0.75244445
336429,0.8294273
269852,0.534798
233308,0.79366064
159230,0.57692456
364567,0.666798
391069,0.86793756
202910,0.57165015
317917,0.6354587
383939,0.8390416
317468,0.596602
122506,0.7707967
274754,0.621953
121856,0.64097786
422229,0.8321313
272529,0.59789467
102378,0.6185634
282672,0.50422347
180899,0.66553694
447207,0.6944443
123695,0.8713982
297569,0.75895524
237319,0.6880715
259501,0.7606059
191397,0.621953
241450,0.62774277
129409,0.64995515
431250,0.8106678
248242,0.66232127
334801,0.62490106
178569,0.6520115
197277,0.6435635
293095,0.8321313
337957,0.6240386
217532,0.6090461
141552,0.54917854
425473,0.6100024
353486,0.6012353
217745,0.7490082
417192,0.6837615
378929,0.6625806
424313,0.7373991
394762,0.6429988
390661,0.7387465
129267,0.72967184
409714,0.60799444
169691,0.5670508
345465,0.76917464
166615,0.7405486
216011,0.6714468
220382,0.6228728
230729,0.80789405
349473,0.62854946
443564,0.6795033
452473,0.6402786
179250,0.630558
350608,0.6939442
131884,0.648509
365191,0.6520115
434560,0.7295089
124663,0.6723753
405817,0.6946218
217733,0.6529996
312919,0.6100024
397381,0.67258525
144263,0.86424816
313327,0.59248054
246500,0.8788968
299571,0.6175951
112839,0.62627363
370065,0.8069874
222995,0.77641135
106108,0.8518877
341961,0.6145563
210384,0.6796426
415770,0.6094125
352296,0.8321313
246104,0.621953
238475,0.61306894
188177,0.66666687
166375,0.75456256
175006,0.7771388
110077,0.70229566
356496,0.73078597
320389,0.59941834
415576,0.76063967
449185,0.68219495
147311,0.7081301
245469,0.62627363
325326,0.7188809
199361,0.6450708
102085,0.6429988
293007,0.6450708
275093,0.7735021
128290,0.57065356
154836,0.6615392
282115,0.76449054
433549,0.62240446
314417,0.6625806
339183,0.6450708
142942,0.6651488
342457,0.6615392
358375,0.7623914
225323,0.6625806
435182,0.68627346
404069,0.55386806
140777,0.6329447
140367,0.60856223
109705,0.6429988
361508,0.7955652
311763,0.50080776
380712,0.6066186
258926,0.6571735
261807,0.6635096
312085,0.48336738
347210,0.7894565
169114,0.85232484
235369,0.55534124
325743,0.76347244
264194,0.6639246
305775,0.631194
273195,0.61663556
227515,0.72342086
220000,0.6624646
200879,0.6192187
420481,0.6096147
297007,0.6450708
196755,0.7991113
283745,0.67179775
261979,0.819041
314177,0.6975883
125991,0.5875938
169570,0.64287496
164115,0.6837615
447099,0.66533506
162626,0.6450708
298824,0.6366303
154653,0.6435635
184266,0.6429988
218514,0.60850817
170229,0.6234983
194518,0.6435635
321948,0.6480223
226295,0.656613
256787,0.6195061
223230,0.53545105
345982,0.5029236
172214,0.6429988
156138,0.8134247
310110,0.67008054
211690,0.74488044
113211,0.51916295
321346,0.6450708
406447,0.6435635
172332,0.8518877
266355,0.7030703
339501,0.5911226
123853,0.6450708
246060,0.62627363
264118,0.8518877
165255,0.80777884
382959,0.61641777
452448,0.6946218
181417,0.7552319
256409,0.50339
186792,0.4992386
105251,0.657606
267315,0.6429988
378709,0.6330644
240231,0.5459837
203435,0.6772702
345832,0.6429988
267330,0.72497976
107479,0.68177855
451205,0.6320705
148395,0.61143047
452121,0.7176738
426385,0.6145563
118702,0.68517256
420525,0.7351068
176984,0.58462614
382442,0.6625806
148211,0.6426798
167824,0.66102064
266392,0.5743568
209426,0.67008054
392449,0.5856724
409135,0.5775269
178211,0.66126555
427414,0.6772702
292898,0.87296295
272345,0.79366064
409114,0.8064052
224947,0.81124544
279868,0.5986327
151536,0.7475647
337606,0.63124204
413097,0.6576349
228905,0.57878363
423725,0.7231896
427751,0.6013422
328942,0.6625806
247482,0.7007769
283759,0.6509208
106255,0.66126555
242470,0.60088474
292994,0.8507877
318308,0.8261324
237224,0.77453935
400484,0.621953
205345,0.68219495
378975,0.843773
388995,0.80714536
270853,0.6703398
448307,0.68177855
283222,0.6429988
300691,0.6020572
177033,0.74901813
432091,0.6639246
132496,0.7009177
410966,0.5869368
212333,0.6565088
365365,0.8238361
198061,0.8518877
189104,0.6618654
265038,0.7710201
402630,0.6129708
439038,0.76355785
235099,0.6195061
257057,0.6880715
382211,0.8304258
136305,0.7319037
155986,0.6703398
402316,0.6429988
135664,0.59248054
367589,0.8186571
154183,0.621953
161453,0.73543686
222581,0.6450708
126077,0.6435635
153650,0.6015971
246893,0.87029994
147763,0.68177855
177057,0.7583008
126949,0.6106751
406105,0.6318351
274495,0.6510133
360690,0.61663556
167668,0.72646886
432431,0.62990606
139822,0.77987576
414356,0.621953
238514,0.68177855
259101,0.86657137
415309,0.6429988
432346,0.6255536
327402,0.77025616
218198,0.76481974
362595,0.6429988
180672,0.6429988
360264,0.666798
287934,0.6320705
151621,0.6618654
388839,0.6233879
114639,0.7863569
157940,0.6306919
341188,0.6219062
172232,0.8518877
305792,0.74892193
349569,0.6129708
263922,0.596602
371222,0.6248243
294468,0.6429988
423408,0.7750557
305948,0.67258525
224680,0.6228728
169279,0.6007316
185109,0.6429988
352337,0.5712838
350521,0.68177855
412687,0.6625806
193624,0.74957347
407747,0.65842164
203132,0.6625806
267211,0.6680168
399029,0.6092859
261927,0.7983854
288533,0.59781706
161026,0.6625806
149759,0.61853015
381807,0.7800038
163157,0.663216
155643,0.75222456
328851,0.6716099
157115,0.64097786
337192,0.6195061
189010,0.7938172
127557,0.65800476
210999,0.5958613
265497,0.8518877
244639,0.59917843
352187,0.77206707
394833,0.80669653
415336,0.61853015
242117,0.6625806
289352,0.6396544
249855,0.58664936
425031,0.7691097
262218,0.6429988
327379,0.79233706
418951,0.60431504
102618,0.55687565
441165,0.71477723
452927,0.6558734
446458,0.6595022
259440,0.6450708
117108,0.6429988
285341,0.66660297
180423,0.89412093
292018,0.78576684
393647,0.6919919
272289,0.6400379
423261,0.6195061
412169,0.6295946
364750,0.86083966
190481,0.79366064
280431,0.70229566
447764,0.7656568
203994,0.7044285
342226,0.71099126
422465,0.86793756
415560,0.6429988
436431,0.6366303
118032,0.6219062
256750,0.85535175
202024,0.66126555
214116,0.6015971
164418,0.7658623
357991,0.6429988
187742,0.6416116
438407,0.5459837
167847,0.6063006
237238,0.6195061
282289,0.5939682
308194,0.65894485
185807,0.77206707
359971,0.6320705
395702,0.6315658
448739,0.57337415
455407,0.6876503
409659,0.66126555
152277,0.61663556
424224,0.5649584
356511,0.6876503
328611,0.7231896
182806,0.6262324
398060,0.7735021
272271,0.62368804
444025,0.6429988
202995,0.6450708
145133,0.6318351
110400,0.8136338
341646,0.6234983
424455,0.60856223
433291,0.64430654
378803,0.6161728
372780,0.59225327
329467,0.66126555
206155,0.6615392
436513,0.6396544
400733,0.64624894
296497,0.7489358
292218,0.8507877
219882,0.61761045
416672,0.7581053
213373,0.5912758
217097,0.6429988
200721,0.68219495
415595,0.6487398
316672,0.61904037
297197,0.6198809
372556,0.6284315
259063,0.56980383
371800,0.52763194
436129,0.6310951
276541,0.7400416
203931,0.6329771
315853,0.62985533
101937,0.71477723
263203,0.6603431
174723,0.69009554
317976,0.60856223
247979,0.8518877
172890,0.5649584
133050,0.6150981
268165,0.78527486
400600,0.593189
381887,0.7863569
244209,0.67476356
379662,0.72967184
366668,0.6092859
325211,0.6258367
144119,0.61853015
298370,0.7093906
268010,0.7267277
264686,0.543139
411773,0.7135221
212745,0.7085924
235819,0.74431574
406770,0.73880696
360509,0.8827697
109147,0.6834692
444365,0.65889984
418814,0.8321313
281105,0.68177855
167407,0.7698429
131397,0.6258367
359208,0.64097786
403548,0.7806138
131929,0.6004774
325823,0.6066421
309534,0.6730521
170968,0.7993692
209948,0.65175784
286360,0.8304258
236930,0.60850817
409183,0.574548
136571,0.5702257
383978,0.744815
451299,0.62854946
318205,0.56153226
146753,0.6329447
331863,0.62368804
427510,0.6129708
263071,0.6618654
152284,0.6618654
125944,0.6219062
287919,0.779129
417239,0.8215252
294520,0.64097786
188846,0.6429988
289454,0.6100024
224662,0.73145705
288524,0.77801144
138801,0.7231896
419845,0.73428655
434161,0.5459837
405943,0.72769845
